Datetime,Water Level (m)
2025-02-25 12:00:00,-0.47504827
2025-02-25 13:00:00,-0.6141841
2025-02-25 14:00:00,-0.72064364
2025-02-25 15:00:00,-0.61896795
2025-02-25 16:00:00,-0.3976711
2025-02-25 17:00:00,-0.18360272
2025-02-25 18:00:00,0.09369364
2025-02-25 19:00:00,0.42047513
2025-02-25 20:00:00,0.5465853
2025-02-25 21:00:00,0.44509223
2025-02-25 22:00:00,0.24317709
2025-02-25 23:00:00,0.022065444
2025-02-26 00:00:00,-0.18044975
2025-02-26 01:00:00,-0.35247537
2025-02-26 02:00:00,-0.51670295
2025-02-26 03:00:00,-0.69104695
2025-02-26 04:00:00,-0.70788586
2025-02-26 05:00:00,-0.41126522
2025-02-26 06:00:00,-0.17462322
2025-02-26 07:00:00,0.046829693
2025-02-26 08:00:00,0.25304312
2025-02-26 09:00:00,0.2009539
2025-02-26 10:00:00,0.031805113
2025-02-26 11:00:00,-0.103683524
2025-02-26 12:00:00,-0.27987137
2025-02-26 13:00:00,-0.44288898
2025-02-26 14:00:00,-0.59752375
2025-02-26 15:00:00,-0.7410144
2025-02-26 16:00:00,-0.6152507
2025-02-26 17:00:00,-0.28772378
2025-02-26 18:00:00,0.0077216825
2025-02-26 19:00:00,0.34121114
2025-02-26 20:00:00,0.6902205
2025-02-26 21:00:00,0.66348046
2025-02-26 22:00:00,0.47555113
2025-02-26 23:00:00,0.2530719
2025-02-27 00:00:00,0.022589205
2025-02-27 01:00:00,-0.16685875
2025-02-27 02:00:00,-0.34052444
2025-02-27 03:00:00,-0.5235979
2025-02-27 04:00:00,-0.692461
2025-02-27 05:00:00,-0.5236315
2025-02-27 06:00:00,-0.1593717
2025-02-27 07:00:00,0.114922285
2025-02-27 08:00:00,0.37728837
2025-02-27 09:00:00,0.5275941
2025-02-27 10:00:00,0.3414466
2025-02-27 11:00:00,0.1640914
2025-02-27 12:00:00,-0.02403007
2025-02-27 13:00:00,-0.21133067
2025-02-27 14:00:00,-0.3799572
2025-02-27 15:00:00,-0.55183375
2025-02-27 16:00:00,-0.6878792
2025-02-27 17:00:00,-0.42012283
2025-02-27 18:00:00,-0.0684657
2025-02-27 19:00:00,0.2981404
2025-02-27 20:00:00,0.6914325
2025-02-27 21:00:00,0.9089418
2025-02-27 22:00:00,0.75085807
2025-02-27 23:00:00,0.5082928
2025-02-28 00:00:00,0.27056772
2025-02-28 01:00:00,0.03636681
2025-02-28 02:00:00,-0.14988059
2025-02-28 03:00:00,-0.33082864
2025-02-28 04:00:00,-0.5268602
2025-02-28 05:00:00,-0.6293219
2025-02-28 06:00:00,-0.254533
2025-02-28 07:00:00,0.08312065
2025-02-28 08:00:00,0.40340668
2025-02-28 09:00:00,0.7090544
2025-02-28 10:00:00,0.6662061
2025-02-28 11:00:00,0.4356766
2025-02-28 12:00:00,0.22998054
2025-02-28 13:00:00,0.0045533115
2025-02-28 14:00:00,-0.17822671
2025-02-28 15:00:00,-0.34857646
2025-02-28 16:00:00,-0.53021896
2025-02-28 17:00:00,-0.60976124
2025-02-28 18:00:00,-0.22195606
2025-02-28 19:00:00,0.1358743
2025-02-28 20:00:00,0.5382008
2025-02-28 21:00:00,0.92880684
2025-02-28 22:00:00,0.94559777
2025-02-28 23:00:00,0.71486354
2025-03-01 00:00:00,0.46960416
2025-03-01 01:00:00,0.21652372
2025-03-01 02:00:00,-0.00026140842
2025-03-01 03:00:00,-0.17778975
2025-03-01 04:00:00,-0.36830705
2025-03-01 05:00:00,-0.5670846
2025-03-01 06:00:00,-0.46451637
2025-03-01 07:00:00,0.0004462176
2025-03-01 08:00:00,0.3116533
2025-03-01 09:00:00,0.6867951
2025-03-01 10:00:00,0.89423174
2025-03-01 11:00:00,0.71081865
2025-03-01 12:00:00,0.4722419
2025-03-01 13:00:00,0.24563925
2025-03-01 14:00:00,0.02540974
2025-03-01 15:00:00,-0.14967361
2025-03-01 16:00:00,-0.3252088
2025-03-01 17:00:00,-0.509669
2025-03-01 18:00:00,-0.426727
2025-03-01 19:00:00,0.019909982
2025-03-01 20:00:00,0.36175522
2025-03-01 21:00:00,0.7878658
2025-03-01 22:00:00,1.0756341
2025-03-01 23:00:00,0.93669736
2025-03-02 00:00:00,0.6681298
2025-03-02 01:00:00,0.41943172
2025-03-02 02:00:00,0.17798406
2025-03-02 03:00:00,-0.024086963
2025-03-02 04:00:00,-0.20463236
2025-03-02 05:00:00,-0.40923285
2025-03-02 06:00:00,-0.5516487
2025-03-02 07:00:00,-0.1898678
2025-03-02 08:00:00,0.19672722
2025-03-02 09:00:00,0.5566969
2025-03-02 10:00:00,0.9288627
2025-03-02 11:00:00,0.9643381
2025-03-02 12:00:00,0.7418152
2025-03-02 13:00:00,0.5059694
2025-03-02 14:00:00,0.2594471
2025-03-02 15:00:00,0.048311032
2025-03-02 16:00:00,-0.1257456
2025-03-02 17:00:00,-0.31017733
2025-03-02 18:00:00,-0.470698
2025-03-02 19:00:00,-0.20760818
2025-03-02 20:00:00,0.19569397
2025-03-02 21:00:00,0.54211766
2025-03-02 22:00:00,0.91977763
2025-03-02 23:00:00,1.0089632
2025-03-03 00:00:00,0.7816537
2025-03-03 01:00:00,0.5419589
2025-03-03 02:00:00,0.2970201
2025-03-03 03:00:00,0.078132465
2025-03-03 04:00:00,-0.107512146
2025-03-03 05:00:00,-0.2979535
2025-03-03 06:00:00,-0.49438092
2025-03-03 07:00:00,-0.4963794
2025-03-03 08:00:00,-0.035082553
2025-03-03 09:00:00,0.27726525
2025-03-03 10:00:00,0.66776735
2025-03-03 11:00:00,0.9791297
2025-03-03 12:00:00,0.89655155
